{"cameraMode":{"drawMode":0,"name":"Shaded","section":"Shading Mode"},"sceneLighting":true,"audioPlay":false,"sceneViewState":{"m_AlwaysRefresh":false,"showFog":true,"showSkybox":true,"showFlares":true,"showImageEffects":true,"showParticleSystems":true,"showVisualEffectGraphs":true,"m_FxEnabled":true},"in2DMode":false,"pivot":{"x":-16.37006378173828,"y":2.8205153942108156,"z":-10.372634887695313},"rotation":{"x":-0.07514119893312454,"y":0.18202924728393556,"z":-0.013953720219433308,"w":-0.9803246855735779},"size":8.375411987304688,"orthographic":false}